CY,patient_zip,Cases,,
2020,60002,22,,
2021,60002,30,,
2020,60004,24,,
2021,60004,33,,
2020,60005,23,,
2021,60005,36,,
2020,60007,27,,
2021,60007,25,,
2020,60008,23,,
2021,60008,14,,
2020,60010,24,,
2021,60010,16,,
2020,60012,*,,
2021,60012,*,,
2020,60013,10,,
2021,60013,14,,
2020,60014,43,,
2021,60014,33,,
2020,60015,*,,
2021,60015,10,,
2020,60016,50,,
2021,60016,57,,
2020,60018,19,,
2021,60018,28,,
2020,60020,21,,
2021,60020,10,,
2020,60021,*,,
2021,60021,*,,
2020,60025,15,,
2021,60025,24,,
2020,60026,*,,
2021,60026,*,,
2020,60030,20,,
2021,60030,24,,
2020,60031,23,,
2021,60031,18,,
2020,60033,16,,
2021,60033,11,,
2020,60034,*,,
2021,60034,*,,
2020,60035,10,,
2021,60035,*,,
2020,60040,*,,
2020,60041,*,,
2021,60041,17,,
2020,60042,*,,
2021,60042,*,,
2020,60044,*,,
2021,60044,*,,
2020,60045,*,,
2021,60045,*,,
2020,60046,15,,
2021,60046,31,,
2020,60047,16,,
2021,60047,15,,
2020,60048,11,,
2021,60048,*,,
2020,60050,43,,
2021,60050,39,,
2020,60051,26,,
2021,60051,22,,
2020,60053,10,,
2021,60053,13,,
2020,60056,26,,
2021,60056,24,,
2020,60060,21,,
2021,60060,28,,
2020,60061,*,,
2021,60061,20,,
2020,60062,24,,
2021,60062,*,,
2020,60064,31,,
2021,60064,42,,
2020,60067,20,,
2021,60067,25,,
2020,60068,27,,
2021,60068,30,,
2021,60069,*,,
2020,60070,11,,
2021,60070,*,,
2020,60071,*,,
2021,60071,*,,
2020,60072,*,,
2020,60073,41,,
2021,60073,39,,
2020,60074,38,,
2021,60074,24,,
2020,60076,28,,
2021,60076,20,,
2020,60077,29,,
2021,60077,20,,
2021,60078,*,,
2020,60079,*,,
2021,60079,*,,
2020,60081,*,,
2021,60081,*,,
2020,60083,*,,
2021,60083,*,,
2020,60084,13,,
2021,60084,22,,
2020,60085,136,,
2021,60085,119,,
2021,60086,*,,
2020,60087,20,,
2021,60087,24,,
2021,60088,*,,
2020,60089,15,,
2021,60089,*,,
2020,60090,40,,
2021,60090,33,,
2020,60091,*,,
2021,60091,*,,
2020,60093,*,,
2021,60093,*,,
2020,60095,*,,
2020,60096,10,,
2021,60096,*,,
2020,60097,20,,
2021,60097,22,,
2020,60098,28,,
2021,60098,20,,
2020,60099,51,,
2021,60099,32,,
2020,60101,55,,
2021,60101,50,,
2020,60102,22,,
2021,60102,14,,
2020,60103,25,,
2021,60103,20,,
2020,60104,87,,
2021,60104,89,,
2020,60106,23,,
2021,60106,29,,
2020,60107,38,,
2021,60107,26,,
2020,60108,18,,
2021,60108,19,,
2020,60109,*,,
2020,60110,22,,
2021,60110,31,,
2020,60112,*,,
2021,60112,*,,
2020,60115,39,,
2021,60115,42,,
2020,60118,*,,
2021,60118,*,,
2020,60119,*,,
2021,60119,*,,
2020,60120,65,,
2021,60120,59,,
2021,60121,*,,
2020,60123,60,,
2021,60123,65,,
2020,60124,*,,
2021,60124,*,,
2020,60126,29,,
2021,60126,20,,
2021,60129,*,,
2020,60130,40,,
2021,60130,37,,
2020,60131,38,,
2021,60131,24,,
2021,60132,*,,
2020,60133,29,,
2021,60133,32,,
2020,60134,10,,
2021,60134,10,,
2020,60135,10,,
2021,60135,*,,
2020,60136,*,,
2021,60136,*,,
2020,60137,38,,
2021,60137,40,,
2020,60138,*,,
2020,60139,36,,
2021,60139,30,,
2020,60140,13,,
2021,60140,12,,
2020,60141,*,,
2021,60141,*,,
2020,60142,15,,
2021,60142,14,,
2020,60143,11,,
2021,60143,*,,
2021,60145,*,,
2020,60146,*,,
2021,60146,*,,
2020,60148,62,,
2021,60148,48,,
2020,60151,*,,
2021,60151,*,,
2020,60152,13,,
2021,60152,16,,
2020,60153,248,,
2021,60153,164,,
2020,60154,23,,
2021,60154,22,,
2020,60155,34,,
2021,60155,44,,
2020,60156,11,,
2021,60156,12,,
2020,60157,*,,
2021,60157,*,,
2020,60160,44,,
2021,60160,50,,
2021,60161,*,,
2020,60162,27,,
2021,60162,15,,
2020,60163,20,,
2021,60163,12,,
2020,60164,53,,
2021,60164,48,,
2020,60165,*,,
2021,60165,*,,
2020,60169,17,,
2021,60169,21,,
2020,60171,27,,
2021,60171,17,,
2020,60172,29,,
2021,60172,19,,
2020,60173,*,,
2021,60173,15,,
2020,60174,29,,
2021,60174,18,,
2020,60175,*,,
2021,60175,*,,
2020,60176,17,,
2021,60176,15,,
2020,60177,16,,
2021,60177,30,,
2020,60178,*,,
2021,60178,17,,
2020,60180,*,,
2021,60180,*,,
2020,60181,56,,
2021,60181,59,,
2020,60184,*,,
2020,60185,48,,
2021,60185,28,,
2020,60187,32,,
2021,60187,39,,
2020,60188,25,,
2021,60188,38,,
2020,60189,16,,
2021,60189,18,,
2020,60190,*,,
2021,60190,*,,
2020,60191,29,,
2021,60191,19,,
2020,60192,*,,
2021,60192,*,,
2020,60193,45,,
2021,60193,32,,
2020,60194,*,,
2021,60194,*,,
2020,60195,*,,
2021,60195,*,,
2020,60201,24,,
2021,60201,48,,
2020,60202,43,,
2021,60202,44,,
2020,60290,*,,
2021,60290,*,,
2020,60301,*,,
2021,60301,*,,
2020,60302,81,,
2021,60302,96,,
2020,60303,*,,
2021,60303,*,,
2020,60304,31,,
2021,60304,43,,
2020,60305,*,,
2021,60305,*,,
2020,60401,13,,
2021,60401,*,,
2020,60402,139,,
2021,60402,135,,
2020,60403,24,,
2021,60403,26,,
2020,60404,19,,
2021,60404,17,,
2020,60406,67,,
2021,60406,61,,
2020,60407,*,,
2021,60407,*,,
2020,60408,16,,
2021,60408,12,,
2020,60409,46,,
2021,60409,54,,
2020,60410,11,,
2021,60410,*,,
2020,60411,60,,
2021,60411,69,,
2020,60412,*,,
2020,60415,20,,
2021,60415,12,,
2020,60416,21,,
2021,60416,18,,
2020,60417,*,,
2021,60417,10,,
2020,60418,20,,
2021,60418,13,,
2020,60419,32,,
2021,60419,39,,
2020,60420,*,,
2021,60420,12,,
2020,60421,*,,
2021,60421,*,,
2020,60422,*,,
2021,60422,*,,
2020,60423,24,,
2021,60423,21,,
2020,60424,*,,
2021,60424,*,,
2020,60425,*,,
2021,60425,*,,
2020,60426,108,,
2021,60426,108,,
2020,60428,23,,
2021,60428,24,,
2020,60429,15,,
2021,60429,17,,
2020,60430,15,,
2021,60430,*,,
2020,60431,30,,
2021,60431,24,,
2020,60432,28,,
2021,60432,37,,
2020,60433,40,,
2021,60433,35,,
2020,60434,*,,
2021,60434,*,,
2020,60435,97,,
2021,60435,88,,
2020,60436,34,,
2021,60436,47,,
2020,60438,23,,
2021,60438,21,,
2020,60439,15,,
2021,60439,33,,
2020,60440,57,,
2021,60440,55,,
2020,60441,48,,
2021,60441,46,,
2020,60442,*,,
2021,60442,*,,
2020,60443,12,,
2021,60443,30,,
2020,60444,*,,
2021,60444,*,,
2020,60445,33,,
2021,60445,24,,
2020,60446,32,,
2021,60446,42,,
2020,60447,16,,
2021,60447,12,,
2020,60448,35,,
2021,60448,37,,
2020,60449,*,,
2021,60449,*,,
2020,60450,37,,
2021,60450,26,,
2020,60451,49,,
2021,60451,29,,
2020,60452,28,,
2021,60452,38,,
2020,60453,89,,
2021,60453,80,,
2021,60454,*,,
2020,60455,43,,
2021,60455,32,,
2020,60456,*,,
2021,60456,*,,
2020,60457,17,,
2021,60457,20,,
2020,60458,26,,
2021,60458,38,,
2020,60459,43,,
2021,60459,48,,
2020,60461,*,,
2021,60461,*,,
2020,60462,34,,
2021,60462,26,,
2020,60463,15,,
2021,60463,12,,
2020,60464,*,,
2021,60464,13,,
2020,60465,32,,
2021,60465,25,,
2020,60466,33,,
2021,60466,29,,
2020,60467,12,,
2021,60467,22,,
2020,60468,*,,
2021,60468,*,,
2020,60469,*,,
2021,60469,*,,
2021,60470,*,,
2020,60471,14,,
2021,60471,10,,
2020,60472,13,,
2021,60472,16,,
2020,60473,25,,
2021,60473,27,,
2020,60474,*,,
2021,60474,*,,
2020,60475,*,,
2021,60475,14,,
2020,60476,*,,
2021,60476,*,,
2020,60477,60,,
2021,60477,53,,
2020,60478,20,,
2021,60478,22,,
2020,60480,*,,
2021,60480,*,,
2020,60481,38,,
2021,60481,27,,
2020,60482,43,,
2021,60482,25,,
2020,60484,*,,
2021,60484,11,,
2020,60487,20,,
2021,60487,21,,
2020,60490,16,,
2021,60490,*,,
2020,60491,11,,
2021,60491,12,,
2020,60501,21,,
2021,60501,33,,
2020,60502,*,,
2021,60502,*,,
2020,60503,*,,
2021,60503,*,,
2020,60504,24,,
2021,60504,19,,
2020,60505,56,,
2021,60505,60,,
2020,60506,69,,
2021,60506,63,,
2020,60510,16,,
2021,60510,13,,
2020,60511,*,,
2021,60511,*,,
2020,60513,14,,
2021,60513,16,,
2020,60514,*,,
2021,60514,*,,
2020,60515,35,,
2021,60515,25,,
2020,60516,15,,
2021,60516,13,,
2020,60517,24,,
2021,60517,29,,
2020,60518,*,,
2021,60518,*,,
2020,60519,*,,
2020,60520,*,,
2020,60521,11,,
2021,60521,17,,
2021,60522,*,,
2020,60523,14,,
2021,60523,15,,
2020,60525,34,,
2021,60525,34,,
2020,60526,*,,
2021,60526,13,,
2020,60527,39,,
2021,60527,42,,
2020,60531,*,,
2021,60531,*,,
2020,60532,26,,
2021,60532,19,,
2020,60534,19,,
2021,60534,15,,
2020,60537,*,,
2021,60537,*,,
2020,60538,18,,
2021,60538,16,,
2020,60540,19,,
2021,60540,16,,
2020,60542,10,,
2021,60542,10,,
2020,60543,26,,
2021,60543,16,,
2020,60544,10,,
2021,60544,22,,
2020,60545,19,,
2021,60545,*,,
2020,60546,18,,
2021,60546,20,,
2020,60548,15,,
2021,60548,*,,
2020,60549,*,,
2020,60550,*,,
2021,60550,*,,
2020,60551,*,,
2021,60551,*,,
2020,60552,*,,
2021,60552,*,,
2020,60553,*,,
2020,60554,*,,
2021,60554,*,,
2020,60555,15,,
2021,60555,*,,
2021,60556,*,,
2020,60558,*,,
2021,60558,*,,
2020,60559,40,,
2021,60559,25,,
2020,60560,16,,
2021,60560,12,,
2020,60561,30,,
2021,60561,16,,
2020,60563,16,,
2021,60563,39,,
2020,60564,15,,
2021,60564,13,,
2020,60565,17,,
2021,60565,18,,
2020,60567,*,,
2020,60585,*,,
2021,60585,*,,
2020,60586,31,,
2021,60586,30,,
2020,60601,21,,
2021,60601,25,,
2020,60602,*,,
2021,60602,*,,
2020,60603,*,,
2020,60604,15,,
2021,60604,*,,
2020,60605,44,,
2021,60605,59,,
2020,60606,19,,
2021,60606,18,,
2020,60607,160,,
2021,60607,145,,
2020,60608,395,,
2021,60608,399,,
2020,60609,214,,
2021,60609,222,,
2020,60610,73,,
2021,60610,106,,
2020,60611,29,,
2021,60611,54,,
2020,60612,676,,
2021,60612,678,,
2020,60613,62,,
2021,60613,49,,
2020,60614,43,,
2021,60614,58,,
2020,60615,109,,
2021,60615,150,,
2020,60616,108,,
2021,60616,93,,
2020,60617,270,,
2021,60617,241,,
2020,60618,138,,
2021,60618,108,,
2020,60619,398,,
2021,60619,373,,
2020,60620,345,,
2021,60620,397,,
2020,60621,287,,
2021,60621,317,,
2020,60622,382,,
2021,60622,310,,
2020,60623,702,,
2021,60623,498,,
2020,60624,859,,
2021,60624,720,,
2020,60625,141,,
2021,60625,91,,
2020,60626,155,,
2021,60626,131,,
2020,60628,383,,
2021,60628,423,,
2020,60629,316,,
2021,60629,255,,
2020,60630,114,,
2021,60630,66,,
2020,60631,30,,
2021,60631,42,,
2020,60632,110,,
2021,60632,142,,
2020,60633,*,,
2021,60633,16,,
2020,60634,124,,
2021,60634,109,,
2020,60636,289,,
2021,60636,321,,
2020,60637,256,,
2021,60637,315,,
2020,60638,143,,
2021,60638,126,,
2020,60639,310,,
2021,60639,256,,
2020,60640,199,,
2021,60640,201,,
2020,60641,174,,
2021,60641,163,,
2020,60642,27,,
2021,60642,29,,
2020,60643,109,,
2021,60643,104,,
2020,60644,793,,
2021,60644,742,,
2020,60645,64,,
2021,60645,62,,
2020,60646,27,,
2021,60646,29,,
2020,60647,238,,
2021,60647,205,,
2020,60649,313,,
2021,60649,297,,
2020,60651,775,,
2021,60651,655,,
2020,60652,80,,
2021,60652,57,,
2020,60653,237,,
2021,60653,251,,
2020,60654,53,,
2021,60654,32,,
2020,60655,23,,
2021,60655,24,,
2020,60656,32,,
2021,60656,26,,
2020,60657,38,,
2021,60657,36,,
2020,60659,40,,
2021,60659,42,,
2020,60660,49,,
2021,60660,65,,
2020,60661,*,,
2021,60661,*,,
2020,60666,*,,
2021,60668,*,,
2021,60670,*,,
2020,60674,*,,
2021,60677,*,,
2020,60680,*,,
2021,60680,*,,
2020,60687,*,,
2021,60687,*,,
2021,60690,*,,
2020,60691,*,,
2020,60706,39,,
2021,60706,31,,
2020,60707,97,,
2021,60707,57,,
2020,60712,11,,
2021,60712,*,,
2020,60714,29,,
2021,60714,23,,
2020,60803,35,,
2021,60803,31,,
2020,60804,124,,
2021,60804,133,,
2020,60805,36,,
2021,60805,25,,
2020,60827,68,,
2021,60827,62,,
2020,60901,76,,
2021,60901,77,,
2020,60910,*,,
2020,60911,*,,
2021,60912,*,,
2020,60914,24,,
2021,60914,36,,
2020,60915,22,,
2021,60915,14,,
2020,60917,*,,
2020,60921,*,,
2021,60921,*,,
2020,60922,*,,
2021,60922,*,,
2020,60927,*,,
2021,60928,*,,
2020,60929,*,,
2021,60929,*,,
2021,60931,*,,
2020,60934,*,,
2021,60934,*,,
2020,60935,*,,
2021,60935,*,,
2020,60936,*,,
2021,60936,*,,
2020,60938,*,,
2021,60938,*,,
2020,60940,*,,
2020,60942,*,,
2021,60942,*,,
2021,60944,*,,
2020,60948,*,,
2021,60948,*,,
2020,60949,*,,
2021,60949,*,,
2020,60950,25,,
2021,60950,21,,
2021,60952,*,,
2020,60953,*,,
2021,60953,*,,
2020,60954,11,,
2021,60954,*,,
2021,60955,*,,
2020,60957,*,,
2021,60957,*,,
2020,60958,*,,
2021,60958,*,,
2020,60959,*,,
2021,60959,*,,
2020,60960,*,,
2021,60960,*,,
2020,60961,*,,
2021,60962,*,,
2020,60964,*,,
2021,60964,*,,
2020,60966,*,,
2021,60966,*,,
2020,60970,25,,
2021,60970,24,,
2020,60974,*,,
2021,60974,*,,
2020,61006,*,,
2021,61006,*,,
2020,61007,*,,
2020,61008,51,,
2021,61008,35,,
2020,61010,*,,
2021,61010,*,,
2020,61011,*,,
2020,61012,*,,
2021,61012,*,,
2020,61015,*,,
2020,61016,*,,
2021,61016,*,,
2020,61018,*,,
2020,61019,*,,
2021,61019,*,,
2020,61021,20,,
2021,61021,23,,
2020,61025,*,,
2021,61028,*,,
2020,61030,*,,
2021,61030,*,,
2021,61031,*,,
2020,61032,31,,
2021,61032,29,,
2021,61036,*,,
2020,61038,*,,
2021,61038,*,,
2021,61039,*,,
2021,61043,*,,
2020,61047,*,,
2021,61047,*,,
2021,61048,*,,
2020,61051,*,,
2020,61052,*,,
2021,61052,*,,
2021,61053,*,,
2020,61054,*,,
2021,61054,*,,
2020,61061,*,,
2021,61061,*,,
2020,61062,*,,
2020,61063,*,,
2021,61063,*,,
2021,61064,*,,
2020,61065,*,,
2021,61065,12,,
2020,61067,*,,
2021,61067,*,,
2020,61068,18,,
2021,61068,18,,
2020,61071,25,,
2021,61071,11,,
2020,61072,*,,
2021,61072,*,,
2020,61073,25,,
2021,61073,12,,
2020,61074,*,,
2020,61078,*,,
2020,61080,*,,
2021,61080,12,,
2020,61081,16,,
2021,61081,19,,
2020,61084,*,,
2021,61084,*,,
2020,61085,*,,
2020,61087,*,,
2020,61088,*,,
2021,61088,*,,
2020,61101,75,,
2021,61101,68,,
2020,61102,48,,
2021,61102,49,,
2020,61103,100,,
2021,61103,55,,
2020,61104,111,,
2021,61104,105,,
2020,61105,*,,
2020,61107,53,,
2021,61107,45,,
2020,61108,65,,
2021,61108,62,,
2020,61109,54,,
2021,61109,67,,
2020,61110,*,,
2021,61110,*,,
2020,61111,32,,
2021,61111,30,,
2020,61114,14,,
2021,61114,11,,
2020,61115,32,,
2021,61115,29,,
2021,61125,*,,
2020,61132,*,,
2021,61132,*,,
2020,61201,36,,
2021,61201,31,,
2020,61230,*,,
2020,61231,*,,
2021,61231,*,,
2021,61235,*,,
2021,61237,*,,
2020,61238,*,,
2021,61238,*,,
2021,61240,*,,
2020,61241,*,,
2021,61241,*,,
2020,61242,*,,
2020,61244,14,,
2021,61244,11,,
2021,61250,*,,
2021,61252,*,,
2020,61254,*,,
2021,61254,*,,
2020,61256,*,,
2020,61258,*,,
2021,61259,*,,
2021,61263,*,,
2020,61264,*,,
2021,61264,*,,
2020,61265,38,,
2021,61265,23,,
2020,61270,*,,
2021,61270,*,,
2020,61277,*,,
2021,61279,*,,
2020,61281,*,,
2021,61281,*,,
2020,61282,11,,
2021,61282,*,,
2020,61284,*,,
2020,61301,14,,
2021,61301,*,,
2020,61310,*,,
2021,61310,*,,
2021,61312,*,,
2021,61314,*,,
2020,61315,*,,
2021,61316,*,,
2020,61319,*,,
2020,61320,*,,
2021,61321,*,,
2021,61322,*,,
2020,61325,*,,
2020,61326,*,,
2021,61326,*,,
2020,61327,*,,
2020,61330,*,,
2021,61334,*,,
2021,61335,*,,
2020,61341,15,,
2021,61341,*,,
2020,61342,*,,
2021,61342,10,,
2020,61345,*,,
2020,61348,*,,
2021,61348,*,,
2021,61349,*,,
2020,61350,34,,
2021,61350,47,,
2020,61353,*,,
2020,61354,*,,
2021,61354,11,,
2020,61356,23,,
2021,61356,13,,
2020,61359,*,,
2021,61359,*,,
2020,61360,*,,
2021,61360,*,,
2020,61362,*,,
2021,61362,*,,
2020,61364,37,,
2021,61364,32,,
2021,61367,*,,
2020,61368,*,,
2020,61369,*,,
2020,61375,*,,
2021,61377,*,,
2020,61379,*,,
2020,61401,47,,
2021,61401,27,,
2020,61402,*,,
2020,61410,*,,
2021,61410,*,,
2021,61416,*,,
2020,61418,*,,
2021,61420,*,,
2020,61422,*,,
2020,61427,*,,
2021,61427,*,,
2021,61431,*,,
2020,61434,*,,
2021,61434,*,,
2020,61436,*,,
2020,61438,*,,
2021,61438,*,,
2020,61443,15,,
2021,61443,*,,
2021,61448,*,,
2020,61455,*,,
2021,61455,12,,
2020,61462,*,,
2021,61462,*,,
2020,61465,*,,
2021,61465,*,,
2021,61473,*,,
2021,61476,*,,
2020,61479,*,,
2020,61482,*,,
2021,61483,*,,
2020,61485,*,,
2020,61486,*,,
2020,61488,*,,
2021,61488,*,,
2020,61489,*,,
2020,61491,*,,
2021,61491,*,,
2020,61520,17,,
2021,61520,*,,
2020,61523,11,,
2021,61523,*,,
2020,61525,*,,
2021,61525,*,,
2020,61528,*,,
2020,61529,*,,
2021,61529,*,,
2020,61530,*,,
2021,61530,*,,
2020,61531,*,,
2021,61531,*,,
2020,61533,*,,
2021,61533,*,,
2020,61534,*,,
2021,61535,*,,
2021,61536,*,,
2020,61537,*,,
2021,61537,*,,
2020,61540,*,,
2020,61542,*,,
2021,61542,*,,
2021,61545,*,,
2021,61546,*,,
2020,61547,*,,
2020,61548,11,,
2021,61548,*,,
2020,61550,*,,
2021,61550,*,,
2020,61554,76,,
2021,61554,66,,
2020,61555,*,,
2020,61559,*,,
2020,61560,*,,
2021,61560,*,,
2021,61561,*,,
2020,61564,*,,
2021,61564,*,,
2020,61565,*,,
2021,61565,*,,
2021,61567,*,,
2020,61568,*,,
2021,61568,*,,
2021,61569,*,,
2020,61570,*,,
2021,61570,*,,
2020,61571,16,,
2021,61571,10,,
2020,61572,*,,
2021,61572,*,,
2020,61601,*,,
2021,61601,*,,
2020,61602,*,,
2021,61602,*,,
2020,61603,63,,
2021,61603,30,,
2020,61604,61,,
2021,61604,40,,
2020,61605,46,,
2021,61605,30,,
2020,61606,*,,
2021,61606,*,,
2020,61607,10,,
2021,61607,10,,
2020,61610,*,,
2021,61610,*,,
2020,61611,26,,
2021,61611,32,,
2020,61614,23,,
2021,61614,23,,
2020,61615,10,,
2021,61615,13,,
2020,61616,15,,
2021,61616,*,,
2020,61636,*,,
2021,61636,*,,
2020,61650,*,,
2020,61701,49,,
2021,61701,34,,
2020,61704,18,,
2021,61704,13,,
2020,61705,*,,
2021,61705,*,,
2020,61721,*,,
2020,61723,*,,
2020,61726,*,,
2020,61727,15,,
2021,61727,11,,
2020,61732,*,,
2021,61732,*,,
2020,61734,*,,
2021,61734,*,,
2020,61735,*,,
2020,61736,*,,
2021,61737,*,,
2021,61738,*,,
2020,61739,*,,
2021,61739,*,,
2020,61740,*,,
2020,61741,*,,
2021,61741,*,,
2021,61744,*,,
2020,61745,*,,
2020,61753,*,,
2021,61753,*,,
2020,61755,*,,
2021,61755,*,,
2021,61759,*,,
2021,61760,*,,
2020,61761,34,,
2021,61761,14,,
2020,61764,16,,
2021,61764,21,,
2021,61769,*,,
2021,61770,*,,
2020,61771,*,,
2020,61801,31,,
2021,61801,25,,
2020,61802,25,,
2021,61802,17,,
2021,61803,*,,
2020,61811,*,,
2021,61811,*,,
2020,61813,*,,
2021,61813,*,,
2020,61814,*,,
2021,61814,*,,
2021,61817,*,,
2020,61820,44,,
2021,61820,48,,
2020,61821,46,,
2021,61821,54,,
2020,61822,13,,
2021,61822,23,,
2020,61824,*,,
2021,61824,*,,
2020,61830,*,,
2020,61832,87,,
2021,61832,74,,
2020,61833,*,,
2021,61833,*,,
2020,61834,*,,
2021,61834,*,,
2020,61839,*,,
2021,61839,*,,
2020,61840,*,,
2021,61841,*,,
2020,61842,*,,
2021,61842,*,,
2020,61846,*,,
2021,61846,*,,
2020,61848,*,,
2020,61852,*,,
2021,61852,*,,
2020,61853,*,,
2021,61853,*,,
2020,61854,*,,
2020,61855,*,,
2021,61855,*,,
2020,61856,*,,
2021,61856,*,,
2021,61858,*,,
2020,61859,*,,
2020,61865,*,,
2021,61865,*,,
2020,61866,18,,
2021,61866,21,,
2020,61870,*,,
2021,61871,*,,
2020,61872,*,,
2021,61872,*,,
2020,61873,*,,
2021,61873,*,,
2020,61874,*,,
2021,61874,*,,
2021,61876,*,,
2020,61878,*,,
2021,61878,*,,
2020,61880,*,,
2021,61880,*,,
2020,61883,*,,
2021,61883,*,,
2020,61884,*,,
2020,61910,*,,
2021,61910,*,,
2020,61911,*,,
2021,61911,*,,
2021,61912,*,,
2020,61913,*,,
2021,61913,*,,
2020,61919,*,,
2020,61920,48,,
2021,61920,24,,
2020,61924,*,,
2020,61929,*,,
2021,61929,*,,
2020,61931,*,,
2021,61932,*,,
2021,61937,*,,
2020,61938,31,,
2021,61938,26,,
2020,61942,*,,
2021,61942,*,,
2020,61943,*,,
2021,61943,*,,
2020,61944,12,,
2021,61944,10,,
2020,61951,*,,
2021,61951,*,,
2020,61953,*,,
2020,61956,*,,
2020,61957,*,,
2020,62001,*,,
2021,62001,*,,
2020,62002,64,,
2021,62002,57,,
2020,62009,*,,
2021,62009,*,,
2020,62010,13,,
2021,62010,11,,
2020,62012,*,,
2021,62012,*,,
2020,62013,*,,
2021,62013,*,,
2020,62014,*,,
2021,62014,*,,
2020,62016,*,,
2021,62016,*,,
2020,62018,21,,
2021,62018,*,,
2021,62019,*,,
2020,62021,*,,
2021,62022,*,,
2020,62024,33,,
2021,62024,22,,
2020,62025,24,,
2021,62025,12,,
2020,62027,*,,
2021,62027,*,,
2020,62028,*,,
2021,62028,*,,
2020,62033,*,,
2021,62033,*,,
2020,62034,*,,
2021,62034,*,,
2020,62035,14,,
2021,62035,11,,
2020,62036,*,,
2020,62037,*,,
2021,62037,*,,
2020,62040,99,,
2021,62040,110,,
2021,62046,*,,
2020,62047,*,,
2021,62047,*,,
2020,62048,*,,
2021,62048,*,,
2020,62049,*,,
2021,62049,*,,
2021,62051,*,,
2020,62052,25,,
2021,62052,16,,
2020,62053,*,,
2021,62053,*,,
2020,62054,*,,
2020,62056,10,,
2021,62056,*,,
2020,62058,*,,
2021,62058,*,,
2021,62059,*,,
2020,62060,*,,
2021,62060,*,,
2020,62062,10,,
2021,62062,*,,
2020,62063,*,,
2021,62063,*,,
2020,62067,*,,
2021,62067,*,,
2020,62069,*,,
2021,62069,*,,
2020,62074,*,,
2021,62074,*,,
2020,62075,*,,
2020,62080,*,,
2021,62080,*,,
2020,62082,*,,
2021,62082,*,,
2020,62084,*,,
2021,62084,*,,
2020,62086,*,,
2020,62087,*,,
2021,62087,*,,
2020,62088,11,,
2021,62088,*,,
2020,62089,*,,
2021,62089,*,,
2021,62090,*,,
2020,62091,*,,
2020,62092,*,,
2021,62092,*,,
2020,62093,*,,
2020,62094,*,,
2021,62094,*,,
2020,62095,33,,
2021,62095,27,,
2020,62097,*,,
2021,62097,*,,
2021,62098,*,,
2020,62201,*,,
2021,62201,*,,
2020,62203,10,,
2021,62203,11,,
2020,62204,15,,
2021,62204,*,,
2020,62205,*,,
2021,62205,13,,
2020,62206,31,,
2021,62206,23,,
2020,62207,25,,
2021,62207,12,,
2020,62208,23,,
2021,62208,15,,
2020,62214,*,,
2020,62215,*,,
2021,62215,*,,
2020,62216,*,,
2021,62216,*,,
2021,62217,*,,
2020,62219,*,,
2020,62220,30,,
2021,62220,25,,
2020,62221,34,,
2021,62221,27,,
2020,62222,*,,
2020,62223,25,,
2021,62223,15,,
2020,62225,*,,
2021,62225,*,,
2020,62226,36,,
2021,62226,30,,
2020,62230,*,,
2021,62230,*,,
2020,62231,*,,
2021,62231,*,,
2020,62232,15,,
2021,62232,29,,
2020,62233,*,,
2021,62233,*,,
2020,62234,51,,
2021,62234,29,,
2020,62236,*,,
2021,62236,*,,
2021,62237,*,,
2020,62238,*,,
2020,62239,13,,
2021,62239,10,,
2020,62240,*,,
2021,62240,*,,
2020,62243,*,,
2021,62243,*,,
2020,62245,*,,
2020,62246,*,,
2021,62246,*,,
2020,62249,*,,
2021,62249,13,,
2021,62253,*,,
2020,62254,10,,
2021,62254,*,,
2020,62255,*,,
2021,62255,*,,
2020,62257,*,,
2021,62257,*,,
2020,62258,*,,
2021,62258,*,,
2020,62260,*,,
2021,62260,*,,
2021,62262,*,,
2020,62263,*,,
2021,62263,*,,
2020,62264,*,,
2020,62265,*,,
2021,62265,*,,
2020,62269,45,,
2021,62269,27,,
2020,62271,*,,
2021,62271,*,,
2020,62272,*,,
2021,62272,*,,
2020,62274,*,,
2021,62274,*,,
2020,62275,*,,
2021,62275,*,,
2020,62277,*,,
2021,62278,*,,
2020,62285,*,,
2021,62285,*,,
2020,62286,*,,
2021,62286,*,,
2020,62288,*,,
2021,62288,*,,
2021,62292,*,,
2020,62293,*,,
2021,62293,*,,
2020,62294,11,,
2021,62294,*,,
2020,62297,*,,
2020,62298,10,,
2021,62298,*,,
2020,62301,32,,
2021,62301,28,,
2020,62305,*,,
2021,62305,*,,
2021,62306,*,,
2021,62311,*,,
2020,62314,*,,
2021,62314,*,,
2021,62316,*,,
2020,62320,*,,
2020,62324,*,,
2021,62324,*,,
2020,62326,*,,
2021,62326,*,,
2021,62334,*,,
2020,62340,*,,
2020,62341,*,,
2020,62349,*,,
2020,62353,*,,
2021,62353,*,,
2021,62355,*,,
2020,62360,*,,
2021,62360,*,,
2020,62362,*,,
2020,62363,*,,
2021,62363,*,,
2021,62370,*,,
2021,62378,*,,
2020,62379,*,,
2021,62379,*,,
2020,62401,*,,
2021,62401,11,,
2020,62411,*,,
2021,62411,*,,
2020,62414,*,,
2021,62414,*,,
2020,62417,*,,
2020,62418,*,,
2021,62418,*,,
2020,62420,*,,
2021,62420,*,,
2020,62421,*,,
2021,62421,*,,
2021,62422,*,,
2021,62424,*,,
2020,62427,*,,
2020,62428,*,,
2021,62428,*,,
2021,62438,*,,
2020,62439,*,,
2021,62439,*,,
2021,62440,*,,
2020,62441,*,,
2021,62441,*,,
2020,62442,*,,
2020,62447,*,,
2020,62448,*,,
2021,62448,*,,
2020,62450,*,,
2021,62450,*,,
2020,62451,*,,
2020,62454,*,,
2021,62454,*,,
2020,62458,*,,
2021,62458,*,,
2021,62460,*,,
2020,62467,*,,
2021,62467,*,,
2020,62468,*,,
2020,62471,*,,
2021,62471,11,,
2020,62476,*,,
2020,62479,*,,
2021,62479,*,,
2020,62513,*,,
2020,62520,*,,
2020,62521,36,,
2021,62521,35,,
2020,62522,20,,
2021,62522,22,,
2020,62523,*,,
2021,62523,*,,
2020,62526,45,,
2021,62526,48,,
2021,62530,*,,
2020,62531,*,,
2020,62537,*,,
2020,62540,*,,
2021,62540,*,,
2020,62544,*,,
2021,62544,*,,
2020,62545,*,,
2021,62547,*,,
2020,62548,*,,
2021,62548,*,,
2021,62549,*,,
2021,62550,*,,
2020,62551,*,,
2020,62555,*,,
2021,62555,*,,
2020,62556,*,,
2020,62557,*,,
2021,62557,*,,
2020,62558,*,,
2021,62558,*,,
2020,62560,*,,
2020,62561,*,,
2021,62561,*,,
2020,62563,*,,
2021,62563,*,,
2020,62565,*,,
2021,62565,*,,
2020,62567,*,,
2021,62567,*,,
2020,62568,18,,
2021,62568,12,,
2020,62570,*,,
2021,62573,*,,
2021,62611,*,,
2020,62612,*,,
2021,62612,*,,
2020,62613,*,,
2021,62613,*,,
2020,62615,*,,
2021,62615,*,,
2021,62617,*,,
2020,62618,*,,
2021,62618,*,,
2021,62624,*,,
2020,62626,11,,
2021,62626,*,,
2021,62627,*,,
2020,62629,*,,
2021,62629,*,,
2021,62631,*,,
2021,62634,*,,
2020,62635,*,,
2021,62639,*,,
2021,62640,*,,
2021,62642,*,,
2020,62643,*,,
2020,62644,*,,
2021,62644,*,,
2020,62650,26,,
2021,62650,35,,
2020,62656,21,,
2021,62656,22,,
2020,62661,*,,
2021,62661,*,,
2020,62664,*,,
2020,62665,*,,
2021,62665,*,,
2020,62666,*,,
2021,62668,*,,
2020,62670,*,,
2021,62670,*,,
2021,62671,*,,
2020,62672,*,,
2020,62674,*,,
2020,62675,*,,
2021,62675,*,,
2020,62677,*,,
2021,62677,*,,
2020,62681,*,,
2021,62681,*,,
2020,62684,*,,
2021,62684,*,,
2020,62685,*,,
2021,62685,*,,
2020,62688,*,,
2020,62689,*,,
2020,62690,*,,
2021,62690,*,,
2020,62691,*,,
2020,62692,*,,
2021,62692,*,,
2020,62693,*,,
2020,62694,*,,
2021,62694,*,,
2021,62695,*,,
2020,62701,*,,
2021,62701,*,,
2020,62702,80,,
2021,62702,94,,
2020,62703,72,,
2021,62703,95,,
2020,62704,35,,
2021,62704,51,,
2020,62707,*,,
2021,62707,*,,
2020,62711,*,,
2021,62711,*,,
2020,62712,*,,
2021,62712,*,,
2020,62781,*,,
2021,62781,*,,
2020,62801,63,,
2021,62801,51,,
2020,62806,*,,
2020,62807,*,,
2021,62807,*,,
2020,62808,*,,
2020,62812,*,,
2021,62812,*,,
2020,62814,*,,
2020,62816,*,,
2021,62816,*,,
2020,62819,*,,
2020,62821,*,,
2021,62821,*,,
2020,62822,*,,
2021,62822,*,,
2020,62824,*,,
2021,62824,*,,
2021,62827,*,,
2020,62830,*,,
2021,62830,*,,
2020,62832,10,,
2021,62832,*,,
2021,62837,15,,
2020,62838,*,,
2021,62838,*,,
2020,62839,*,,
2021,62839,*,,
2020,62842,*,,
2021,62842,*,,
2020,62848,*,,
2020,62849,*,,
2021,62849,*,,
2020,62853,*,,
2020,62854,*,,
2021,62854,*,,
2020,62858,*,,
2021,62858,*,,
2020,62859,*,,
2021,62859,*,,
2021,62862,*,,
2020,62863,*,,
2021,62863,*,,
2020,62864,34,,
2021,62864,30,,
2021,62868,*,,
2020,62870,*,,
2021,62870,*,,
2020,62872,*,,
2021,62872,*,,
2021,62877,*,,
2020,62881,23,,
2021,62881,28,,
2020,62882,*,,
2021,62882,*,,
2020,62884,*,,
2021,62884,*,,
2020,62885,*,,
2021,62885,*,,
2020,62889,*,,
2020,62890,*,,
2021,62890,*,,
2020,62891,*,,
2020,62892,*,,
2021,62895,*,,
2020,62896,*,,
2021,62896,10,,
2021,62897,*,,
2020,62898,*,,
2021,62898,*,,
2020,62899,*,,
2020,62901,24,,
2021,62901,18,,
2020,62902,*,,
2021,62902,*,,
2020,62903,*,,
2021,62903,*,,
2021,62906,*,,
2020,62907,*,,
2021,62907,*,,
2020,62908,*,,
2021,62910,*,,
2020,62912,*,,
2021,62914,*,,
2020,62916,*,,
2021,62917,*,,
2020,62918,*,,
2021,62918,*,,
2021,62920,*,,
2020,62921,*,,
2020,62922,*,,
2021,62922,*,,
2020,62923,*,,
2020,62924,*,,
2021,62924,*,,
2020,62930,*,,
2021,62930,*,,
2020,62932,*,,
2020,62933,*,,
2021,62933,*,,
2020,62934,*,,
2020,62938,*,,
2020,62939,*,,
2021,62939,*,,
2020,62940,*,,
2020,62941,*,,
2021,62942,*,,
2020,62946,*,,
2021,62946,11,,
2020,62948,*,,
2021,62948,*,,
2020,62949,*,,
2021,62949,*,,
2020,62951,*,,
2021,62951,*,,
2020,62952,*,,
2021,62952,*,,
2020,62954,*,,
2020,62956,*,,
2020,62958,*,,
2021,62958,*,,
2020,62959,22,,
2021,62959,24,,
2020,62960,*,,
2021,62960,*,,
2021,62961,*,,
2020,62966,24,,
2021,62966,10,,
2021,62967,*,,
2021,62972,*,,
2021,62977,*,,
2021,62979,*,,
2021,62982,*,,
2021,62983,*,,
2021,62984,*,,
2020,62985,*,,
2021,62985,*,,
2020,62987,*,,
2021,62988,*,,
2020,62995,*,,
2021,62995,*,,
2020,62997,*,,
2020,62998,*,,
2021,62998,*,,
2020,62999,*,,
2021,62999,*,,